{"betas": [0.0087716244161129, 0.021713268011808395, -0.07694796472787857, 0.007956300862133503, 0.04455310106277466, 0.03758447244763374, 0.002077782992273569, -0.0015769432066008449, 0.011706742458045483, -0.00016196600336115807], "body_pose": [-0.08128103613853455, 0.020728597417473793, 0.2632947564125061, 0.040850091725587845, -0.07834665477275848, -0.1472000628709793, 0.11302156746387482, 0.06272254884243011, -0.06813185662031174, 0.6293250918388367, -0.08289099484682083, -0.10404276102781296, 0.2726537883281708, 0.05051443353295326, 0.03603334352374077, 0.14592058956623077, -0.058571286499500275, 0.0038900303188711405, -0.08012524247169495, 0.16143380105495453, -0.04837876185774803, -0.07663711160421371, -0.051201850175857544, 0.07335855066776276, -0.05712853744626045, -0.01698223128914833, -0.0061043440364301205, 0.02987159602344036, -0.012807843275368214, -0.022911790758371353, -0.012248914688825607, -0.014860207214951515, 0.019469216465950012, 0.3254348337650299, -0.06022338941693306, -0.00019947889086324722, 0.05192045867443085, -0.159641832113266, -0.2905508875846863, 0.03131218999624252, 0.1677422672510147, 0.19031505286693573, 0.11617205291986465, -0.008741689845919609, 0.09076055139303207, 0.14884141087532043, -0.2155434787273407, -0.7230343818664551, 0.22152334451675415, 0.060319337993860245, 0.5740188956260681, 0.2601791322231293, -0.5831049680709839, -0.02858138084411621, 0.33380359411239624, 0.8766003847122192, 0.1505025178194046, -0.016631746664643288, -0.1713215857744217, -0.14393751323223114, -0.19154514372348785, 0.22552643716335297, 0.33043137192726135], "global_orient": [-0.1632610559463501, -1.8976197242736816, -0.1173785924911499], "transl": [1.2717841863632202, 1.30242919921875, 1.0911762714385986], "frame_idx": 0}
{"betas": [0.0087716244161129, 0.021713268011808395, -0.07694796472787857, 0.007956300862133503, 0.04455310106277466, 0.03758447244763374, 0.002077782992273569, -0.0015769432066008449, 0.011706742458045483, -0.00016196600336115807], "body_pose": [0.19724760949611664, 0.031264495104551315, 0.07017797976732254, -0.13170719146728516, -0.011680853553116322, -0.05384771153330803, 0.09394165873527527, -0.006966098211705685, -0.07644964009523392, 0.5768312215805054, -0.22315320372581482, -0.15479116141796112, 0.29859334230422974, -0.011602657847106457, 0.05724656954407692, 0.14951403439044952, -0.07220268249511719, 0.03193925321102142, -0.15346311032772064, 0.06955260038375854, -0.02812528982758522, -0.030910193920135498, -0.06104910746216774, 0.08445417135953903, -0.024865208193659782, -0.04755027964711189, -0.0033082326408475637, 0.01977185718715191, -0.0214966032654047, -0.024164918810129166, 0.0019797373097389936, -0.00021117887808941305, 0.04290345311164856, 0.3002787232398987, -0.028493693098425865, -0.015383679419755936, 0.04144400730729103, -0.212794229388237, -0.29982230067253113, 0.06014101207256317, 0.1338082253932953, 0.25170958042144775, 0.16354289650917053, -0.008155622519552708, 0.05330030992627144, 0.14159782230854034, -0.28218913078308105, -0.6831924319267273, 0.30140191316604614, 0.010290431790053844, 0.6350472569465637, 0.20204706490039825, -0.43528953194618225, -0.07203074544668198, 0.33002138137817383, 0.9594838619232178, 0.18410541117191315, 0.04710044339299202, -0.1719827950000763, -0.08941220492124557, -0.244005024433136, 0.2108146995306015, 0.3541000783443451], "global_orient": [-0.15802474319934845, -2.2217257022857666, -0.21765778958797455], "transl": [-0.8717702031135559, 1.2922550439834595, 0.300940603017807], "frame_idx": 1}
{"betas": [0.0087716244161129, 0.021713268011808395, -0.07694796472787857, 0.007956300862133503, 0.04455310106277466, 0.03758447244763374, 0.002077782992273569, -0.0015769432066008449, 0.011706742458045483, -0.00016196600336115807], "body_pose": [0.1869153529405594, -0.005785278044641018, -0.007578444667160511, -0.21124912798404694, 0.011081580072641373, -0.04798528179526329, 0.11347589641809464, -0.023892570286989212, -0.0484224371612072, 0.174051433801651, -0.15701094269752502, -0.06915170699357986, 0.3601478636264801, 0.009242861531674862, 0.03148594871163368, 0.029524164274334908, -0.036433905363082886, 0.022773385047912598, -0.09940796345472336, 0.25846415758132935, 0.06594907492399216, 0.17548251152038574, -0.14663857221603394, 0.17700599133968353, 0.14466772973537445, -0.029151178896427155, -0.0015514877159148455, 0.011034277267754078, 0.0023154898080974817, -0.021500688046216965, 0.007736314553767443, 0.008452460169792175, 0.02091379649937153, 0.30964627861976624, -0.036946121603250504, -0.003869852749630809, 0.17425695061683655, 0.08543803542852402, -0.021198565140366554, 0.08580456674098969, -0.010772868059575558, -0.06856215745210648, 0.20902708172798157, 0.062322989106178284, 0.03994330018758774, 0.35607343912124634, -0.015565704554319382, -0.7415801882743835, 0.4761103391647339, 0.006859093438833952, 0.6265988945960999, 0.4757795035839081, -1.077704906463623, -0.36473551392555237, 0.4682075083255768, 1.4581853151321411, 0.3657432794570923, -0.3815149664878845, -0.3395128846168518, 0.18718267977237701, -0.31341439485549927, 0.30707329511642456, 0.13629677891731262], "global_orient": [-0.0244026780128479, -3.1896958351135254, -0.3159615099430084], "transl": [-2.649341344833374, 1.3216789960861206, -1.084041953086853], "frame_idx": 2}
{"betas": [0.0087716244161129, 0.021713268011808395, -0.07694796472787857, 0.007956300862133503, 0.04455310106277466, 0.03758447244763374, 0.002077782992273569, -0.0015769432066008449, 0.011706742458045483, -0.00016196600336115807], "body_pose": [-0.6446142792701721, 0.057880476117134094, 0.48459482192993164, -0.6241710186004639, -0.033258747309446335, 0.10389546304941177, 0.6858298778533936, -0.024977903813123703, -0.23562973737716675, 1.2038416862487793, 0.02579183503985405, -0.21989008784294128, 1.068025827407837, -0.10329926759004593, 0.18871964514255524, -0.09222927689552307, -0.20099663734436035, -0.05156697332859039, -0.2811148464679718, 0.14761506021022797, -0.052357468754053116, -0.2564241886138916, -0.10607960820198059, 0.017843443900346756, -0.04990749806165695, -0.12816983461380005, 0.024037307128310204, -0.0023941672407090664, 0.012039180845022202, -0.0024033659137785435, 0.047951940447092056, 0.017697272822260857, -0.0020277330186218023, 0.2940717935562134, -0.09307777136564255, 0.08494318276643753, -0.02091873809695244, -0.3746529221534729, -0.2675906717777252, 0.019912628456950188, 0.29806268215179443, 0.1670151799917221, 0.2794601321220398, -0.064684197306633, 0.29024431109428406, -0.1702081859111786, -0.2192915827035904, -0.39627304673194885, 0.37965288758277893, 0.06024041399359703, 0.6020997166633606, -0.3801928460597992, -0.08876555413007736, 0.034166473895311356, 0.49473458528518677, 1.2275851964950562, 0.14435717463493347, -0.24337171018123627, -0.06730876863002777, 0.3649691939353943, -0.20181696116924286, 0.2848421633243561, -0.04855078086256981], "global_orient": [-0.22283175587654114, 1.2948857545852661, -0.10334198921918869], "transl": [-2.820483446121216, 1.1817288398742676, -2.1843042373657227], "frame_idx": 3}
{"betas": [0.0087716244161129, 0.021713268011808395, -0.07694796472787857, 0.007956300862133503, 0.04455310106277466, 0.03758447244763374, 0.002077782992273569, -0.0015769432066008449, 0.011706742458045483, -0.00016196600336115807],